COMPANY,DATE,SEGMENT,MAIN PRODUCT,PRODUCT,CODE
ALLIANZ,20210112,PERSONA,Allianz Hybrid,Allianz Hybrid - Set Informativo Data edizione 072020,no-change
ALLIANZ,20210112,PERSONA,Allianz Hybrid,Allianz Hybrid Energy - Set informativo Data edizione 072020,no-change
ALLIANZ,20210112,PERSONA,Allianz Hybrid,Allianz Hybrid Plan - Set informativo - Data edizione 092020,no-change
ALLIANZ,20210112,PERSONA,Allianz Hybrid,Allianz Hybrid Limited Edition - Set informativo Data edizione 092020,no-change
ALLIANZ,20210112,PERSONA,Allianz Hybrid,Regolamento della Gestione Separata Data edizione 31122011,no-change
ALLIANZ,20210112,PERSONA,Allianz Hybrid,Regolamento dei Fondi Data edizione 29052015,no-change
ALLIANZ,20210112,PERSONA,Nuovi Orizzonti,Set Informativo Data edizione 28092020,no-change
ALLIANZ,20210112,PERSONA,Nuovi Orizzonti,Regolamento dei Fondi Interni Data edizione 07102019,no-change
ALLIANZ,20210112,PERSONA,Nuovi Orizzonti,Regolamento della Gestione Separata Data edizione 31122011,no-change
